"Category","Niche","Funnel","Header","URL"
"Health & Medical","Dental office","Free Website","Designed for dental offices — new patients judge online first.","https://sweetdreams.us/free-website?niche=dental-office"
"Health & Medical","Dental office","Free Content Plan","Designed for dental offices — patients forget between cleanings.","https://sweetdreams.us/content-roadmap?niche=dental-office"
"Health & Medical","Dental office","Free Software Demo","Designed for dental offices juggling scheduling, records, and billing in separate apps.","https://sweetdreams.us/free-software?niche=dental-office"
"Health & Medical","Orthodontist","Free Website","Designed for orthodontists — families compare online before they call.","https://sweetdreams.us/free-website?niche=orthodontist"
"Health & Medical","Orthodontist","Free Content Plan","Designed for orthodontists who should be in the feed and aren't.","https://sweetdreams.us/content-roadmap?niche=orthodontist"
"Health & Medical","Orthodontist","Free Software Demo","Designed for orthodontists running scheduling and treatment tracking across too many tools.","https://sweetdreams.us/free-software?niche=orthodontist"
"Health & Medical","Chiropractic","Free Website","Designed for chiropractors — patients size up online first.","https://sweetdreams.us/free-website?niche=chiropractic"
"Health & Medical","Chiropractic","Free Content Plan","Designed for chiropractors — patients forget between visits.","https://sweetdreams.us/content-roadmap?niche=chiropractic"
"Health & Medical","Chiropractic","Free Software Demo","Designed for chiropractors booking, charting, and billing in three places.","https://sweetdreams.us/free-software?niche=chiropractic"
"Health & Medical","Med spa","Free Website","Designed for med spas — clients judge by the photos online.","https://sweetdreams.us/free-website?niche=med-spa"
"Health & Medical","Med spa","Free Content Plan","Designed for med spas that should be everywhere clients scroll.","https://sweetdreams.us/content-roadmap?niche=med-spa"
"Health & Medical","Med spa","Free Software Demo","Designed for med spas running bookings, memberships, and checkout separately.","https://sweetdreams.us/free-software?niche=med-spa"
"Health & Medical","Plastic surgeon","Free Website","Designed for surgeons — patients research online before they trust.","https://sweetdreams.us/free-website?niche=plastic-surgeon"
"Health & Medical","Plastic surgeon","Free Content Plan","Designed for surgeons whose results should be seen, not hidden.","https://sweetdreams.us/content-roadmap?niche=plastic-surgeon"
"Health & Medical","Plastic surgeon","Free Software Demo","Designed for surgeons managing consults, scheduling, and records across systems.","https://sweetdreams.us/free-software?niche=plastic-surgeon"
"Health & Medical","PT clinic","Free Website","Designed for PT clinics — patients find online before they call.","https://sweetdreams.us/free-website?niche=pt-clinic"
"Health & Medical","PT clinic","Free Content Plan","Designed for PT clinics — patients forget between referrals.","https://sweetdreams.us/content-roadmap?niche=pt-clinic"
"Health & Medical","PT clinic","Free Software Demo","Designed for PT clinics tracking scheduling, notes, and billing in separate tools.","https://sweetdreams.us/free-software?niche=pt-clinic"
"Health & Medical","Optometry","Free Website","Designed for optometrists — patients choose by the better site.","https://sweetdreams.us/free-website?niche=optometry"
"Health & Medical","Optometry","Free Content Plan","Designed for optometrists out of sight between yearly exams.","https://sweetdreams.us/content-roadmap?niche=optometry"
"Health & Medical","Optometry","Free Software Demo","Designed for optometrists running exams, orders, and billing across apps.","https://sweetdreams.us/free-software?niche=optometry"
"Trades & Home","Contractor","Free Website","Designed for contractors — homeowners judge online before they call.","https://sweetdreams.us/free-website?niche=contractor"
"Trades & Home","Contractor","Free Content Plan","Designed for contractors whose work should be in the feed.","https://sweetdreams.us/content-roadmap?niche=contractor"
"Trades & Home","Contractor","Free Software Demo","Designed for contractors tracking jobs, quotes, and crews across apps.","https://sweetdreams.us/free-software?niche=contractor"
"Trades & Home","Roofer","Free Website","Designed for roofers — homeowners vet online first.","https://sweetdreams.us/free-website?niche=roofer"
"Trades & Home","Roofer","Free Content Plan","Designed for roofers who should be the name people see most.","https://sweetdreams.us/content-roadmap?niche=roofer"
"Trades & Home","Roofer","Free Software Demo","Designed for roofers running estimates, scheduling, and invoicing separately.","https://sweetdreams.us/free-software?niche=roofer"
"Trades & Home","HVAC","Free Website","Designed for HVAC companies — people call first online.","https://sweetdreams.us/free-website?niche=hvac"
"Trades & Home","HVAC","Free Content Plan","Designed for HVAC companies out of sight until something breaks.","https://sweetdreams.us/content-roadmap?niche=hvac"
"Trades & Home","HVAC","Free Software Demo","Designed for HVAC companies juggling dispatch, scheduling, and billing apps.","https://sweetdreams.us/free-software?niche=hvac"
"Trades & Home","Landscaping","Free Website","Designed for landscapers whose work should look better online.","https://sweetdreams.us/free-website?niche=landscaping"
"Trades & Home","Landscaping","Free Content Plan","Designed for landscapers whose before and afters belong in the feed.","https://sweetdreams.us/content-roadmap?niche=landscaping"
"Trades & Home","Landscaping","Free Software Demo","Designed for landscapers tracking routes, crews, and invoices across tools.","https://sweetdreams.us/free-software?niche=landscaping"
"Trades & Home","Remodeler","Free Website","Designed for remodelers judged by the portfolio online.","https://sweetdreams.us/free-website?niche=remodeler"
"Trades & Home","Remodeler","Free Content Plan","Designed for remodelers whose transformations should be seen.","https://sweetdreams.us/content-roadmap?niche=remodeler"
"Trades & Home","Remodeler","Free Software Demo","Designed for remodelers running quotes, schedules, and billing in pieces.","https://sweetdreams.us/free-software?niche=remodeler"
"Trades & Home","Solar","Free Website","Designed for solar companies — homeowners research online first.","https://sweetdreams.us/free-website?niche=solar"
"Trades & Home","Solar","Free Content Plan","Designed for solar companies who should own the local feed.","https://sweetdreams.us/content-roadmap?niche=solar"
"Trades & Home","Solar","Free Software Demo","Designed for solar companies tracking leads, installs, and paperwork separately.","https://sweetdreams.us/free-software?niche=solar"
"Trades & Home","Pool builder","Free Website","Designed for pool builders whose work should sell online.","https://sweetdreams.us/free-website?niche=pool-builder"
"Trades & Home","Pool builder","Free Content Plan","Designed for pool builders whose builds belong in the feed.","https://sweetdreams.us/content-roadmap?niche=pool-builder"
"Trades & Home","Pool builder","Free Software Demo","Designed for pool builders juggling quotes, scheduling, and billing apps.","https://sweetdreams.us/free-software?niche=pool-builder"
"Trades & Home","Electrician","Free Website","Designed for electricians — homeowners find online first.","https://sweetdreams.us/free-website?niche=electrician"
"Trades & Home","Electrician","Free Content Plan","Designed for electricians out of sight until the lights go out.","https://sweetdreams.us/content-roadmap?niche=electrician"
"Trades & Home","Electrician","Free Software Demo","Designed for electricians running dispatch, jobs, and invoices across tools.","https://sweetdreams.us/free-software?niche=electrician"
"Trades & Home","Plumber","Free Website","Designed for plumbers — customers search online before they call.","https://sweetdreams.us/free-website?niche=plumber"
"Trades & Home","Plumber","Free Content Plan","Designed for plumbers out of sight until the pipe bursts.","https://sweetdreams.us/content-roadmap?niche=plumber"
"Trades & Home","Plumber","Free Software Demo","Designed for plumbers juggling scheduling, dispatch, and billing apps.","https://sweetdreams.us/free-software?niche=plumber"
"Trades & Home","Architect","Free Website","Designed for architects whose portfolio should shine online.","https://sweetdreams.us/free-website?niche=architect"
"Trades & Home","Architect","Free Content Plan","Designed for architects whose work belongs in the feed.","https://sweetdreams.us/content-roadmap?niche=architect"
"Trades & Home","Architect","Free Software Demo","Designed for architects tracking projects, proposals, and billing separately.","https://sweetdreams.us/free-software?niche=architect"
"Beauty & Body","Salon","Free Website","Designed for salons — clients judge online first.","https://sweetdreams.us/free-website?niche=salon"
"Beauty & Body","Salon","Free Content Plan","Designed for salons — clients forget between appointments.","https://sweetdreams.us/content-roadmap?niche=salon"
"Beauty & Body","Salon","Free Software Demo","Designed for salons still booking by phone across a paper book.","https://sweetdreams.us/free-software?niche=salon"
"Beauty & Body","Barbershop","Free Website","Designed for barbershops — new clients find online first.","https://sweetdreams.us/free-website?niche=barbershop"
"Beauty & Body","Barbershop","Free Content Plan","Designed for barbershops that should own the local feed.","https://sweetdreams.us/content-roadmap?niche=barbershop"
"Beauty & Body","Barbershop","Free Software Demo","Designed for barbershops booking chairs by phone and paper.","https://sweetdreams.us/free-software?niche=barbershop"
"Beauty & Body","Tattoo studio","Free Website","Designed for tattoo studios whose portfolio should sell online.","https://sweetdreams.us/free-website?niche=tattoo-studio"
"Beauty & Body","Tattoo studio","Free Content Plan","Designed for tattoo studios whose work belongs in the feed.","https://sweetdreams.us/content-roadmap?niche=tattoo-studio"
"Beauty & Body","Tattoo studio","Free Software Demo","Designed for tattoo studios juggling booking, deposits, and calendars.","https://sweetdreams.us/free-software?niche=tattoo-studio"
"Beauty & Body","Gym / fitness studio","Free Website","Designed for gyms — members compare online first.","https://sweetdreams.us/free-website?niche=gym-fitness-studio"
"Beauty & Body","Gym / fitness studio","Free Content Plan","Designed for gyms that should be in every member's feed.","https://sweetdreams.us/content-roadmap?niche=gym-fitness-studio"
"Beauty & Body","Gym / fitness studio","Free Software Demo","Designed for gyms running memberships, scheduling, and billing separately.","https://sweetdreams.us/free-software?niche=gym-fitness-studio"
"Beauty & Body","Nail salon","Free Website","Designed for nail salons — clients judge by the photos online.","https://sweetdreams.us/free-website?niche=nail-salon"
"Beauty & Body","Nail salon","Free Content Plan","Designed for nail salons whose work belongs in the feed.","https://sweetdreams.us/content-roadmap?niche=nail-salon"
"Beauty & Body","Nail salon","Free Software Demo","Designed for nail salons still booking by phone.","https://sweetdreams.us/free-software?niche=nail-salon"
"Service","Auto shop","Free Website","Designed for shops — customers vet online before they trust.","https://sweetdreams.us/free-website?niche=auto-shop"
"Service","Auto shop","Free Content Plan","Designed for shops out of sight until the check engine light.","https://sweetdreams.us/content-roadmap?niche=auto-shop"
"Service","Auto shop","Free Software Demo","Designed for shops running estimates, scheduling, and invoicing apart.","https://sweetdreams.us/free-software?niche=auto-shop"
"Service","Law firm","Free Website","Designed for firms — clients research online before they call.","https://sweetdreams.us/free-website?niche=law-firm"
"Service","Law firm","Free Content Plan","Designed for firms that should be the name people see.","https://sweetdreams.us/content-roadmap?niche=law-firm"
"Service","Law firm","Free Software Demo","Designed for firms tracking cases, intake, and billing across tools.","https://sweetdreams.us/free-software?niche=law-firm"
"Service","Real estate team","Free Website","Designed for real estate teams — clients judge online first.","https://sweetdreams.us/free-website?niche=real-estate-team"
"Service","Real estate team","Free Content Plan","Designed for real estate teams who should own the local feed.","https://sweetdreams.us/content-roadmap?niche=real-estate-team"
"Service","Real estate team","Free Software Demo","Designed for real estate teams juggling listings, leads, and CRM apps.","https://sweetdreams.us/free-software?niche=real-estate-team"
"Service","Financial advisor","Free Website","Designed for advisors — clients research online before they trust.","https://sweetdreams.us/free-website?niche=financial-advisor"
"Service","Financial advisor","Free Content Plan","Designed for advisors who should be seen, not just found.","https://sweetdreams.us/content-roadmap?niche=financial-advisor"
"Service","Financial advisor","Free Software Demo","Designed for advisors running scheduling, CRM, and files separately.","https://sweetdreams.us/free-software?niche=financial-advisor"
"Service","Cleaning company","Free Website","Designed for cleaners — customers vet online first.","https://sweetdreams.us/free-website?niche=cleaning-company"
"Service","Cleaning company","Free Content Plan","Designed for cleaners out of sight between jobs.","https://sweetdreams.us/content-roadmap?niche=cleaning-company"
"Service","Cleaning company","Free Software Demo","Designed for cleaners juggling scheduling, routes, and invoicing.","https://sweetdreams.us/free-software?niche=cleaning-company"
"Service","Pet care","Free Website","Designed for pet care — people trust after checking online.","https://sweetdreams.us/free-website?niche=pet-care"
"Service","Pet care","Free Content Plan","Designed for pet care that should be in every owner's feed.","https://sweetdreams.us/content-roadmap?niche=pet-care"
"Service","Pet care","Free Software Demo","Designed for pet care still booking by phone and paper.","https://sweetdreams.us/free-software?niche=pet-care"
"Service","Insurance agent","Free Website","Designed for agents — clients compare online first.","https://sweetdreams.us/free-website?niche=insurance-agent"
"Service","Insurance agent","Free Content Plan","Designed for agents out of sight until renewal.","https://sweetdreams.us/content-roadmap?niche=insurance-agent"
"Service","Insurance agent","Free Software Demo","Designed for agents running quotes, policies, and CRM apart.","https://sweetdreams.us/free-software?niche=insurance-agent"
"Food","Restaurant","Free Website","Designed for restaurants — diners judge online before they come.","https://sweetdreams.us/free-website?niche=restaurant"
"Food","Restaurant","Free Content Plan","Designed for restaurants that should be everywhere locals scroll.","https://sweetdreams.us/content-roadmap?niche=restaurant"
"Food","Restaurant","Free Software Demo","Designed for restaurants running POS, reservations, and orders separately.","https://sweetdreams.us/free-software?niche=restaurant"
"Food","Cafe","Free Website","Designed for cafes — the morning crowd finds online first.","https://sweetdreams.us/free-website?niche=cafe"
"Food","Cafe","Free Content Plan","Designed for cafes that should own the local feed.","https://sweetdreams.us/content-roadmap?niche=cafe"
"Food","Cafe","Free Software Demo","Designed for cafes juggling POS, orders, and loyalty apps.","https://sweetdreams.us/free-software?niche=cafe"
"Food","Bakery","Free Website","Designed for bakeries — customers find online before they drive.","https://sweetdreams.us/free-website?niche=bakery"
"Food","Bakery","Free Content Plan","Designed for bakeries whose treats belong in the feed.","https://sweetdreams.us/content-roadmap?niche=bakery"
"Food","Bakery","Free Software Demo","Designed for bakeries running orders, POS, and custom requests apart.","https://sweetdreams.us/free-software?niche=bakery"
"Food","Food truck","Free Website","Designed for food trucks — fans track online.","https://sweetdreams.us/free-website?niche=food-truck"
"Food","Food truck","Free Content Plan","Designed for food trucks that live and die in the feed.","https://sweetdreams.us/content-roadmap?niche=food-truck"
"Food","Food truck","Free Software Demo","Designed for food trucks juggling orders, locations, and payments.","https://sweetdreams.us/free-software?niche=food-truck"
"Food","Bar","Free Website","Designed for bars — a crowd checks online first.","https://sweetdreams.us/free-website?niche=bar"
"Food","Bar","Free Content Plan","Designed for bars that should own the weekend feed.","https://sweetdreams.us/content-roadmap?niche=bar"
"Food","Bar","Free Software Demo","Designed for bars running POS, tabs, and events separately.","https://sweetdreams.us/free-software?niche=bar"
"Venues & Destinations","Event / wedding venue","Free Website","Designed for venues booked on first impressions online.","https://sweetdreams.us/free-website?niche=event-wedding-venue"
"Venues & Destinations","Event / wedding venue","Free Content Plan","Designed for venues that should be in every planner's feed.","https://sweetdreams.us/content-roadmap?niche=event-wedding-venue"
"Venues & Destinations","Event / wedding venue","Free Software Demo","Designed for venues juggling bookings, deposits, and calendars.","https://sweetdreams.us/free-software?niche=event-wedding-venue"
"Venues & Destinations","Golf course","Free Website","Designed for courses — members judge online first.","https://sweetdreams.us/free-website?niche=golf-course"
"Venues & Destinations","Golf course","Free Content Plan","Designed for courses that should own the local feed.","https://sweetdreams.us/content-roadmap?niche=golf-course"
"Venues & Destinations","Golf course","Free Software Demo","Designed for courses running tee times, memberships, and POS apart.","https://sweetdreams.us/free-software?niche=golf-course"
"Venues & Destinations","Farm / vineyard","Free Website","Designed for farms and vineyards — visitors find online first.","https://sweetdreams.us/free-website?niche=farm-vineyard"
"Venues & Destinations","Farm / vineyard","Free Content Plan","Designed for farms and vineyards that belong in the feed.","https://sweetdreams.us/content-roadmap?niche=farm-vineyard"
"Venues & Destinations","Farm / vineyard","Free Software Demo","Designed for farms and vineyards juggling events, sales, and bookings.","https://sweetdreams.us/free-software?niche=farm-vineyard"
"Venues & Destinations","Outdoor entertainment venue","Free Website","Designed for venues — families judge online before they come.","https://sweetdreams.us/free-website?niche=outdoor-entertainment-venue"
"Venues & Destinations","Outdoor entertainment venue","Free Content Plan","Designed for venues that should own the weekend feed.","https://sweetdreams.us/content-roadmap?niche=outdoor-entertainment-venue"
"Venues & Destinations","Outdoor entertainment venue","Free Software Demo","Designed for venues running bookings, waivers, and POS separately.","https://sweetdreams.us/free-software?niche=outdoor-entertainment-venue"
"Venues & Destinations","Marina","Free Website","Designed for marinas — boaters find online first.","https://sweetdreams.us/free-website?niche=marina"
"Venues & Destinations","Marina","Free Content Plan","Designed for marinas that should be in the local feed.","https://sweetdreams.us/content-roadmap?niche=marina"
"Venues & Destinations","Marina","Free Software Demo","Designed for marinas juggling slips, billing, and scheduling.","https://sweetdreams.us/free-software?niche=marina"
"Venues & Destinations","Property management","Free Website","Designed for property managers judged on curb appeal online.","https://sweetdreams.us/free-website?niche=property-management"
"Venues & Destinations","Property management","Free Content Plan","Designed for property managers who should showcase online.","https://sweetdreams.us/content-roadmap?niche=property-management"
"Venues & Destinations","Property management","Free Software Demo","Designed for property managers running leases, maintenance, and rent apart.","https://sweetdreams.us/free-software?niche=property-management"
"Venues & Destinations","Parks / rec","Free Website","Designed for parks — the whole town looks up online.","https://sweetdreams.us/free-website?niche=parks-rec"
"Venues & Destinations","Parks / rec","Free Content Plan","Designed for parks that should live in the community feed.","https://sweetdreams.us/content-roadmap?niche=parks-rec"
"Venues & Destinations","Parks / rec","Free Software Demo","Designed for parks juggling registrations, permits, and scheduling.","https://sweetdreams.us/free-software?niche=parks-rec"
"Venues & Destinations","Auto dealership","Free Website","Designed for dealerships — buyers judge online first.","https://sweetdreams.us/free-website?niche=auto-dealership"
"Venues & Destinations","Auto dealership","Free Content Plan","Designed for dealerships that should own the local feed.","https://sweetdreams.us/content-roadmap?niche=auto-dealership"
"Venues & Destinations","Auto dealership","Free Software Demo","Designed for dealerships running inventory, CRM, and sales apart.","https://sweetdreams.us/free-software?niche=auto-dealership"
"Mission Driven","Church","Free Website","Designed for churches — visitors check online before they come.","https://sweetdreams.us/free-website?niche=church"
"Mission Driven","Church","Free Content Plan","Designed for churches that grow by showing up in the feed.","https://sweetdreams.us/content-roadmap?niche=church"
"Mission Driven","Church","Free Software Demo","Designed for churches juggling members, giving, and events across tools.","https://sweetdreams.us/free-software?niche=church"
"Mission Driven","Nonprofit","Free Website","Designed for nonprofits — donors research online first.","https://sweetdreams.us/free-website?niche=nonprofit"
"Mission Driven","Nonprofit","Free Content Plan","Designed for nonprofits whose impact should be seen.","https://sweetdreams.us/content-roadmap?niche=nonprofit"
"Mission Driven","Nonprofit","Free Software Demo","Designed for nonprofits running donors, events, and volunteers apart.","https://sweetdreams.us/free-software?niche=nonprofit"
